{"cameraMode":{"drawMode":0,"name":"Shaded","section":"Shading Mode"},"sceneLighting":false,"audioPlay":false,"sceneViewState":{"showFog":true,"showMaterialUpdate":false,"showSkybox":true,"showFlares":true,"showImageEffects":true,"showParticleSystems":true},"in2DMode":false,"pivot":{"x":257.9399108886719,"y":285.441162109375,"z":-24.653564453125},"rotation":{"x":0.1760486215353012,"y":-0.025090184062719346,"z":0.004470930900424719,"w":0.9842146039009094},"size":401.76409912109377,"orthographic":false}